INSERT INTO PSY.CLASSIFICATION (ID_CLASSIFICATION, LIBELLE_CLASSIFICATION) VALUES (1, 'enfant');
INSERT INTO PSY.CLASSIFICATION (ID_CLASSIFICATION, LIBELLE_CLASSIFICATION) VALUES (2, 'ado');
INSERT INTO PSY.CLASSIFICATION (ID_CLASSIFICATION, LIBELLE_CLASSIFICATION) VALUES (3, 'femme');
INSERT INTO PSY.CLASSIFICATION (ID_CLASSIFICATION, LIBELLE_CLASSIFICATION) VALUES (4, 'homme');
INSERT INTO PSY.CLASSIFICATION (ID_CLASSIFICATION, LIBELLE_CLASSIFICATION) VALUES (5, 'couple');
INSERT INTO PSY.CONSULTATION (ID_CONSULTATION, DATE_CONSULTATION, HEURE_CONSULTATION, RETARD, ANXIETE, MOTS_CLES, COMPORTEMENTS, PRIX, FK_MODE_REGLEMENT, POSTURES) VALUES (27, TO_DATE('2019-02-19 00:00:00', 'YYYY-MM-DD HH24:MI:SS'), TO_TIMESTAMP('1970-01-01 08:00:00.000000', 'YYYY-MM-DD HH24:MI:SS.FF6'), '0', null, null, null, null, null, null);
INSERT INTO PSY.CONSULTATION (ID_CONSULTATION, DATE_CONSULTATION, HEURE_CONSULTATION, RETARD, ANXIETE, MOTS_CLES, COMPORTEMENTS, PRIX, FK_MODE_REGLEMENT, POSTURES) VALUES (26, TO_DATE('2019-04-19 00:00:00', 'YYYY-MM-DD HH24:MI:SS'), TO_TIMESTAMP('1970-01-01 14:15:00.000000', 'YYYY-MM-DD HH24:MI:SS.FF6'), '0', null, null, null, null, null, null);
INSERT INTO PSY.CONSULTATION (ID_CONSULTATION, DATE_CONSULTATION, HEURE_CONSULTATION, RETARD, ANXIETE, MOTS_CLES, COMPORTEMENTS, PRIX, FK_MODE_REGLEMENT, POSTURES) VALUES (28, TO_DATE('2019-02-25 00:00:00', 'YYYY-MM-DD HH24:MI:SS'), TO_TIMESTAMP('1970-01-01 17:00:00.000000', 'YYYY-MM-DD HH24:MI:SS.FF6'), '0', 4, 'stress; doute', 'tremble', 12, 3, 'courbé');
INSERT INTO PSY.HISTORIQUE_CONSULTATION (FK_CONSULTATION, FK_PATIENT) VALUES (26, 41);
INSERT INTO PSY.HISTORIQUE_CONSULTATION (FK_CONSULTATION, FK_PATIENT) VALUES (28, 41);
INSERT INTO PSY.HISTORIQUE_CONSULTATION (FK_CONSULTATION, FK_PATIENT) VALUES (27, 61);
INSERT INTO PSY.HISTORIQUE_PROFESSION (FK_PATIENT, FK_PROFESSION, DATE_DEBUT, DATE_FIN) VALUES (41, 41, TO_DATE('2019-01-01 00:00:00', 'YYYY-MM-DD HH24:MI:SS'), null);
INSERT INTO PSY.HISTORIQUE_PROFESSION (FK_PATIENT, FK_PROFESSION, DATE_DEBUT, DATE_FIN) VALUES (61, 61, TO_DATE('2019-01-01 00:00:00', 'YYYY-MM-DD HH24:MI:SS'), null);
INSERT INTO PSY.LOGIN (ID, EMAIL, PASSWORD, FK_PATIENT) VALUES (42, 'admin', 'ab4f63f9ac65152575886860dde480a1', null);
INSERT INTO PSY.LOGIN (ID, EMAIL, PASSWORD, FK_PATIENT) VALUES (63, 'pierre.durand@gmail.com', 'ab4f63f9ac65152575886860dde480a1', 61);
INSERT INTO PSY.LOGIN (ID, EMAIL, PASSWORD, FK_PATIENT) VALUES (62, 'bob.dylan@gmail.com', 'ab4f63f9ac65152575886860dde480a1', 41);
INSERT INTO PSY.MODE_REGLEMENT (ID_MODE_REGLEMENT, LIBELLE_MODE) VALUES (1, 'carte bleue');
INSERT INTO PSY.MODE_REGLEMENT (ID_MODE_REGLEMENT, LIBELLE_MODE) VALUES (2, 'espèces');
INSERT INTO PSY.MODE_REGLEMENT (ID_MODE_REGLEMENT, LIBELLE_MODE) VALUES (3, 'chèque');
INSERT INTO PSY.PATIENT (ID_PATIENT, NOM, PRENOM, MOYENCONNAISSANCE, FK_CLASSIFICATION) VALUES (41, 'dylan', 'bob', 'bouche à oreille', 4);
INSERT INTO PSY.PATIENT (ID_PATIENT, NOM, PRENOM, MOYENCONNAISSANCE, FK_CLASSIFICATION) VALUES (61, 'durand', 'pierre', 'ferrf', 3);
INSERT INTO PSY.PROFESSION (ID_PROFESSION, LIBELLE_PROFESSION) VALUES (41, 'peintre');
INSERT INTO PSY.PROFESSION (ID_PROFESSION, LIBELLE_PROFESSION) VALUES (61, 'etudiant');